Use Finaldatabase
Insert Into Aircraft (ID, Model, Capacity, Manufacturer)
VALUES 
    (1, 'Boeing 747', 40, 'Boeing'),
    (2, 'Airbus A320', 50, 'Airbus'),
    (3, 'Boeing 747 Freighter', 45, 'Boeing'),
    (4, 'Airbus A330-200F', 48, 'Airbus'),
    (5, 'Boeing 749', 43, 'Boeing');
INSERT INTO Airport (ID, Country, Terminals, City, Nameairport)
VALUES 
    ('HAN', 'Việt Nam', 4, 'Hà Nội', 'Sân bay Quốc tế Nội Bài'),
    ('SGN', 'Việt Nam', 4, 'Thành phố Hồ Chí Minh', 'Sân bay Quốc tế Tân Sơn Nhất'),
    ('NRT', 'Nhật Bản', 3, 'Tokyo', 'Sân bay Quốc tế Narita'),
    ('JFK', 'Mỹ', 5, 'New York', 'Sân bay Quốc tế John F. Kennedy'),
    ('LHR', 'Anh', 4, 'London', 'Sân bay Heathrow'),
    ('DAD', 'Việt Nam', 5, 'Đà Nẵng', 'Sân bay Quốc tế Đà Nẵng'),
    ('CXR', 'Việt Nam', 3, 'Khánh Hòa', 'Sân bay Quốc tế Cam Ranh'),
    ('HUI', 'Việt Nam', 2, 'Huế', 'Sân bay Phú Bài'),
    ('VCA', 'Việt Nam', 3, 'Cần Thơ', 'Sân bay Quốc tế Cần Thơ');
INSERT INTO Airway (ID, Distance, FlightDuration, ArrivalAirportID, DepartureAirportID)
VALUES 
    ('H-N', 2400, '05:00:00', 'HAN', 'NRT'),
    ('S-D', 810, '02:00:00', 'SGN', 'DAD'),
    ('N-C', 2500, '06:00:00', 'NRT', 'CXR'),
    ('J-H', 8500, '10:00:00', 'JFK', 'HUI'),
    ('L-S', 6200, '15:00:00', 'LHR', 'SGN');
INSERT INTO Maintenance_Record (ID, AircraftID, MaintenanceDate, PerformedBy)
VALUES 
    ('ABZ1482', 1, '14-Feb-24', 'Flyteam'),
    ('GIK5214', 2, '23-May-23', 'Mtpteam'),
    ('SPY6541', 3, '12-Jan-21', 'Linteam'),
    ('Mar3125', 4, '20-Jul-23', 'Katteam'),
    ('AWE2385', 5, '08-Jun-20', 'Kicteam');
INSERT INTO Flight (ID, AircraftID, DepartureTime, ArrivalTime, AirwayID, Status_FL)
VALUES 
    (123, 1, '14:00', '05:40', 'H-N', 'O'),
    (456, 2, '14:30', '07:56', 'S-D', 'D'),
    (789, 3, '15:00', '08:12', 'N-C', 'C'),
    (852, 4, '16:50', '08:45', 'J-H', 'D'),
    (776, 5, '17:52', '10:50', 'L-S', 'O');
INSERT INTO Employee (ID, Lastname, Firstname, Role, HireYear)
VALUES 
    ('0974980528', 'Bui', 'Anh Tuan', 'Pilot', 1994),
    ('0383529885', 'Vo', 'Ha Linh', 'Flight Attendant', 1995),
    ('0789305097', 'Vu', 'Minh Anh', 'Ground Crew', 2004),
    ('0789456879', 'Nguyen', 'Tuan Anh', 'Purser', 2006),
    ('0365789087', 'Dang', 'Hoai An', 'Pilot', 2005),
    ('0965459733', 'Tran', 'Manh Tuan', 'Ground Crew', 1999),
    ('0789456876', 'Vuong', 'Manh Hiep', 'Flight Attendant', 1998),
    ('0984978502', 'Pham', 'Thi Hanh', 'Purser', 1987),
    ('0965456722', 'Vu', 'Van Tien', 'Pilot', 2001),
    ('0968549528', 'Do', 'Manh Dung', 'first officer', 2005),
    ('0879502097', 'Pham', 'Thi Nhung', 'Flight Attendant', 2004),
    ('0974193233', 'Vu', 'Thi Huong', 'first officer', 1992),
    ('0862200069', 'Vu', 'Quang Huy', 'Pilot', 2005),
    ('0367400118', 'Le', 'Tran Anh Dung', 'Ground Crew', 1998),
    ('0389260595', 'Tran', 'The Truong', 'first officer', 2012),
    ('0862260093', 'Nhu', 'Dieu Linh', 'Pilot', 2008),
    ('0975794467', 'Tran', 'Ngoc Hung', 'Purser', 2009),
    ('0598485229', 'Nguyen', 'Thu Ha', 'first officer', 2010),
    ('0375973372', 'Do', 'Thao Nguyen', 'Flight Attendant', 1996),
    ('0931728737', 'Pham', 'Thi Chinh', 'Ground Crew', 1998);
INSERT INTO Employee_Flight (EmployeeID, FlightID)
VALUES 
    ('0974980528', 123),
    ('0383529885', 456),
    ('0789305097', 789),
    ('0789456879', 852),
    ('0365789087', 776),
    ('0965459733', 852),
    ('0789456876', 789),
    ('0984978502', 456),
    ('0965456722', 123),
    ('0968549528', 776),
    ('0879502097', 456),
    ('0974193233', 776),
    ('0862200069', 123),
    ('0367400118', 456),
    ('0389260595', 789),
    ('0862260093', 852),
    ('0975794467', 776),
    ('0598485229', 852),
    ('0375973372', 456),
    ('0931728737', 123);
INSERT INTO Passenger (ID, Firstname, Lastname, Birthday, PassportNumber, Contactdetail)
VALUES 
    (1, 'Van Tien', 'Vu', '01-Jan-98', '98723111', 'vuvantien91@yahoo.com'),
    (2, 'Khanh Linh', 'Vu', '02-Feb-98', '8663201', 'vklinh123@gmail.com'),
    (3, 'Hoang Nguyen', 'Lai', '01-Apr-01', '6892012', 'lhoangnguyen@gmail.com'),
    (4, 'Minh Giam', 'Hoang', '10-Jul-04', '7102932', 'hmgiam@yahoo.com'),
    (5, 'Tranh Anh', 'Huynh', '11-Jul-03', '7152002', 'huynhtranganh@gmail.com'),
    (6, 'Tien Dat', 'Nguyen', '01-Nov-02', '99232011', 'datng123@gmail.com'),
    (7, 'Tuan Anh', 'Trinh Tran', '30-May-99', '6655261', 'tttanh1993@gmail.com'),
    (8, 'Thi Ha', 'Ngo', '13-Feb-67', '8710291', 'Nthiha96@yahoo.com'),
    (9, 'Tuan Anh', 'Phung', '15-Jul-68', '901209332', 'ptuananh18@yahoo.com'),
    (10, 'Van Luong', 'Le', '23-Sep-78', '1234567', 'lvl9021@gmail.com'),
    (11, 'Steven', 'Hawking', '24-Aug-01', '21223', 'Steve@yahoo.com'),
    (12, 'Elizabeth', 'No1', '09-Jul-92', '129590', 'Elizahehe@gmail.com'),
    (13, 'Jack', 'Sparow', '08-May-56', '2134211', 'cuopbien@icloud.com'),
    (14, 'Emi', 'Fukkada', '09-May-01', '69696969', 'JAnnVvv@gmail.com'),
    (15, 'Donal', 'Trump', '12-Aug-05', '695443791', 'USAnumber1@gov.com'),
    (16, 'Mono', NULL, '17-Sep-95', '224456677', 'emtraisontung@gmail.com'),
    (17, 'Son Tung', 'MTP', '15-Jan-95', '81222223', 'skyoiii123@gmail.com'),
    (18, 'Thomas', 'Edison', '20-Aug-46', '12445567', 'Thomas1122@gmail.com'),
    (19, 'Chong Un', 'Kim', '30-Jan-54', '844296897', 'nuclear@gmail.com'),
    (20, 'Thi Thuy Trang', 'Hoang', '24-Mar-96', '833596277', 'hoangtrang161102@gmail.com'),
    (21, 'Nhat Minh', 'Doan', '01-May-04', '897622082', 'minhdoan98@gmail.com'),
    (22, 'Minh Duc', 'Le', '28-Apr-05', '867201022', 'lmd71102@gmail.com'),
    (23, 'Tuan Phat', 'Huynh', '29-Jan-93', '905072002', 'htuanp45@gmail.com'),
    (24, 'Nghia Hiep', 'Do', '10-Oct-92', '907112002', 'dnhiep1234@gmail.com'),
    (25, 'Trang Linh', 'Hoang', '21-Mar-94', '901029889', 'htlinh1992@gmail.com'),
    (26, 'Linh My', 'Trinh Tran', '19-Jan-04', '367651202', 'ttlinhmy99@gmail.com'),
    (27, 'Hai Viet', 'Phi', '28-Jan-06', '964230102', 'haivietphi12@gmail.com'),
    (28, 'Viet Anh', 'Vu', '27-Jun-04', '964741672', 'Vuvietanhdz@gmail.com'),
    (29, 'Kim Lien', 'Ta', '17-Sep-95', '336782012', 'lienta971@gmail.com'),
    (30, 'Minh Anh', 'Nguyen', '21-Jun-95', '913219704', 'minhanhxinh@gmail.com'),
    (31, 'Hoang Son', 'Tran', '18-Oct-94', '584622082', 'hsontran@gmail.com'),
    (32, 'Duc Anh', 'Nguyen', '25-Sep-91', '988722012', 'ducanh711@gmail.com'),
    (33, 'Thanh Nhat', 'Hoang', '24-Jun-02', '584622082', 'htn0507@gmail.com'),
    (34, 'Bao Chau', 'Vu Ngo', '11-Mar-84', '982329702', 'vungobaochau@gmail.com'),
    (35, 'Thanh Duong', 'Dong', '10-May-96', '868751685', 'Duongngu123@gmail.com'),
    (36, 'Hoang Thang', 'Tran Le', '13-Jul-84', '907781819', 'thangtran111@gmail.com'),
    (37, 'Cong Thanh', 'Tran', '06-Mar-98', '9012345678', 'thanhtrancong@gmail.com'),
    (38, 'Tuan Anh', 'Dam', '14-Feb-68', '9012345678', 'cosmos6578@gmail.com'),
    (39, 'Linh Chi', 'Phung', '23-May-65', '907781819', 'linhchi113@gmail.com'),
    (40, 'Bao Nam', 'Hoang', '23-Oct-78', '868855613', 'hoangnam123@gmail.com'),
    (41, 'Phuong Tuan', 'Trinh Tran', '31-Aug-98', '98653420', 'j97123@gmail.com'),
    (42, 'Thien An', 'Nguyen Hoang', '17-Jul-84', '376590401', 'thienan5tr@gmail.com'),
    (43, 'Thien Son', 'Trinh Tran', '05-May-73', '584308790', 'thienson97@gmail.com'),
    (44, 'Dong Nhi', 'Nguyen', '18-Aug-03', '98786521', 'dongquaxuantoi@gmail.com'),
    (45, 'Anh Tuan', 'Ha', '23-May-92', '376799245', 'connhoanhkhong@gmail.com'),
    (46, 'Luong Anh', 'Nguyen', '14-Jun-82', '98367218', 'luonganh07@gmail.com'),
    (47, 'Ha Trang', 'Le', '05-Sep-01', '985765439', 'hatrangne@gmail.com'),
    (48, 'Thuy Ha', 'Nguyen Thi', '18-Jan-00', '373529776', 'hathaibinh@gmail.com'),
    (49, 'Thu Trang', 'Cao Thi', '16-Sep-68', '978568241', 'trangkhi@gmail.com'),
    (50, 'Quang Hung', 'Do', '08-Jul-95', '984980568', 'hungbavi@gmail.com');
INSERT INTO Booking (ID, FlightID, PassengerID, BookingDate, SeatNumber)
VALUES 
    (10, 123, 1, '01-Jan-24', 'A1'),
    (11, 456, 2, '02-Jan-24', 'A2'),
    (12, 789, 3, '03-Jan-24', 'A8'),
    (13, 852, 4, '04-Jan-24', 'A9'),
    (14, 776, 5, '05-Jan-24', 'A10'),
    (15, 123, 6, '06-Jan-24', 'A11'),
    (16, 456, 7, '07-Jan-24', 'A12'),
    (17, 789, 8, '08-Jan-24', 'A13'),
    (18, 852, 9, '09-Jan-24', 'A14'),
    (19, 776, 10, '10-Jan-24', 'A15'),
    (20, 123, 11, '11-Jan-24', 'A16'),
    (21, 456, 12, '12-Jan-24', 'A17'),
    (22, 789, 13, '13-Jan-24', 'A18'),
    (23, 852, 14, '14-Jan-24', 'A19'),
    (24, 776, 15, '15-Jan-24', 'A20'),
    (25, 123, 16, '16-Jan-24', 'A21'),
    (26, 456, 17, '17-Jan-24', 'A22'),
    (27, 789, 18, '18-Jan-24', 'A23'),
    (28, 852, 19, '19-Jan-24', 'A24'),
    (29, 776, 20, '20-Jan-24', 'B1'),
    (30, 123, 21, '21-Jan-24', 'B2'),
    (31, 456, 22, '22-Jan-24', 'B3'),
    (32, 789, 23, '23-Jan-24', 'B4'),
    (33, 852, 24, '24-Jan-24', 'B5'),
    (34, 776, 25, '25-Jan-24', 'B6'),
    (35, 123, 26, '29-Jan-24', 'B7'),
    (36, 456, 27, '12-Jan-24', 'B8'),
    (37, 789, 28, '11-Jan-24', 'B9'),
    (38, 852, 29, '14-Jan-24', 'B10'),
    (39, 776, 30, '15-Jan-24', 'C1'),
    (40, 123, 31, '16-Jan-24', 'C2'),
    (41, 456, 32, '17-Jan-24', 'C3'),
    (42, 789, 33, '18-Jan-24', 'C4'),
    (43, 852, 34, '19-Jan-24', 'C5'),
    (44, 776, 35, '20-Jan-24', 'C6'),
    (45, 123, 36, '21-Jan-24', 'C7'),
    (46, 456, 37, '22-Jan-24', 'C8'),
    (47, 789, 38, '23-Jan-24', 'C9'),
    (48, 852, 39, '24-Jan-24', 'C10'),
    (49, 776, 40, '25-Jan-24', 'C11'),
    (50, 123, 41, '26-Jan-24', 'C12'),
    (51, 456, 42, '27-Jan-24', 'C13'),
    (52, 789, 43, '28-Jan-24', 'C14'),
    (53, 852, 44, '29-Jan-24', 'C15'),
    (54, 776, 45, '30-Jan-24', 'D1'),
    (55, 123, 46, '21-Jan-24', 'D2'),
    (56, 456, 47, '17-Jan-24', 'D3'),
    (57, 789, 48, '16-Jan-24', 'D4'),
    (58, 852, 49, '19-Jan-24', 'D5'),
    (59, 776, 50, '20-Jan-24', 'D6'),
    (60, 123, 40, '21-Jan-24', 'D7'),
    (61, 456, 10, '22-Jan-24', 'D8'),
    (62, 789, 15, '23-Jan-24', 'D9'),
    (63, 852, 12, '24-Jan-24', 'D10'),
    (64, 776, 13, '25-Jan-24', 'D11'),
    (65, 123, 18, '26-Jan-24', 'D12'),
    (66, 456, 20, '27-Jan-24', 'D13'),
    (67, 789, 40, '28-Jan-24', 'D14');
INSERT INTO Service_Type (ID, ServiceType, Price)
VALUES 
    (1, 'Food', 10),
    (2, 'Drink', 5),
    (3, 'Consign', 5),
    (4, 'Transfer service', 10),
    (5, 'Wifi', 6);
INSERT INTO Booking_service (BookingID, ServiceID)
VALUES 
    (10, 1),
    (10, 2),
    (11, 5),
    (12, 3),
    (13, 1),
    (14, 4),
    (15, 2),
    (15, 5),
    (16, 1),
    (17, 3),
    (20, 5),
    (25, 1),
    (30, 4),
    (42, 2),
    (67, 5);
INSERT INTO Flight (ID, AircraftID, Departuretime, Arrivaltime, AirwayID, Status_FL)
VALUES 
    (101, 1, '06:00', '11:00', 'H-N', 'O'),
    (102, 2, '07:30', '09:30', 'S-D', 'O'),
    (103, 3, '08:00', '14:00', 'N-C', 'O'),
    (104, 4, '09:15', '19:15', 'J-H', 'D'),
    (105, 5, '10:00', '01:00', 'L-S', 'O'),
    (106, 1, '13:00', '18:00', 'H-N', 'C'),
    (107, 2, '15:45', '17:45', 'S-D', 'O'),
    (108, 5, '20:00', '11:00', 'L-S', 'D'),
    (109, 1, '22:30', '03:30', 'H-N', 'O'),
    (110, 2, '23:00', '01:00', 'S-D', 'O');